-- > 0 = to prevent deletion of master user company with id 0
DELETE FROM company where id > 0;

INSERT INTO company (id, created_by, created, last_modified_by, last_modified, address1, address2, city, confirmed_date, disabled, company_email, fax, fiscal_id, name, phone, picture_id, plz, register_scan_doc_url, register_url, description, vat, web_url, confirmed_user, country_id, creation_user, company_legal_type_id, company_size_id, longitude, latitude) VALUES
(1, 1, NOW(), 1, NOW(), 'Hauptstrasse 2', 'Postfach 1898', 'Basel', NOW(), null, 'contact@siryus.com', '+41 61 999 99 98', null, 'Siryus Test Investor Ltd.', '+41 61 999 99 99', 976, '4002', null, 'https://scan_register_do', 'Siryus is a fast growing startup from Switzerland. Our vision is to build software that shapes the future. We are changing the way people think about work', 'CHE-123.456.789 MWST', 'www.siryus.com', 31, 3, 1, 1, null, null, null),
(2, 1, NOW(), 1, NOW(), 'Wydenmattstrasse 10', null, 'Erschwil', NOW(), null, null, '+41 61 789 90 11', null, 'Albin Borer AG', '+41 61 789 90 10', 977, '4228', null, 'https://scan_register_do', 'Wir sind eine starke, zukunftsorientierte und eigenständige Familienunternehmung und konzentrieren unsere Kräfte auf ein breites Leistungsangebot im Bauhauptgewerbe.', 'CHE-123.456.789 MWST', 'www.albin-borer-ag.ch', 2, 3, 1, 1, '2', null, null),
(3, 1, NOW(), 1, NOW(), 'Röschenzerstrasse  2', null, 'Basel', NOW(), null, null, null, null, 'Arnold Rodoni AG', '+41 61 363 20 15', 978, '4053', null, 'https://scan_register_do', null, 'CHE-123.456.789 MWST', 'www.rodoni-ag.ch', 3, 3, 1, 1, null, null, null),
(4, 1, NOW(), 1, NOW(), 'Hardstrasse 19', null, 'Muttenz', NOW(), null, null, null, null, 'Dilag Jakob Gutknecht AG', '+41 61 465 90 10', null, '4132', null, 'https://scan_register_do', null, 'CHE-123.456.789 MWST', 'www.jakobgutknecht.ch', 4, 3, 1, 1, null, null, null),
(5, 1, NOW(), 1, NOW(), 'Dugginerstrasse 4', null, 'Reinach', NOW(), null, null, null, null, 'Some Customer Company', '+41 061 717 92 92', null, '3800', null, 'https://scan_register_do', 'Wir schenken unserer Privatkundschaft mit einem zwei Quadratmeter Vordach ebenso viel Wertschätzung und Engagement wie unseren grossen, namhaften Referenzen mit rund 21000 Quadratmetern Industrie-Flachdach. Das ist unsere Überzeugung', 'CHE-123.456.789 MWST', 'www.spenglerhaus.ch', 5, 3, 1, 1, null, null, null),
(6, 1, NOW(), 1, NOW(), 'Brühlmattweg 7', null, 'Ettingen', NOW(), null, null, null, null, 'Gebr. Stöcklin & Co. AG', '+41 61 721 11 01', null, '4107', null, 'https://scan_register_do', null, 'CHE-123.456.789 MWST', 'www.gebr-stoecklin.ch', 6, 3, 1, 1, null, null, null),
(7, 1, NOW(), 1, NOW(), 'Bachmatten 9', null, 'Niederdorf', NOW(), null, null, null, null, 'HTP-Gutzwiller', '+41 61 953 70 38', null, '4435', null, 'https://scan_register_do', null, 'CHE-123.456.789 MWST', 'www.htp-gutzwiller.ch', 7, 3, 1, 2, null, null, null),
(8, 1, NOW(), 1, NOW(), 'Brüelstrasse 43', null, 'Magden', NOW(), null, null, null, null, 'Hürzeler Holzbau AG', '+41 61 845 10 20', null, '4312', null, 'https://scan_register_do', null, 'CHE-123.456.789 MWST', 'www.huerzeler-holz.ch', 8, 3, 1, 1, null, null, null),
(9, 1, NOW(), 1, NOW(), 'Buchenstrasse 59', null, 'Münchenstein', NOW(), null, null, null, null, 'Knecht Bauunternehmung AG', '+41 61 413 83 33', null, '4142', null, 'https://scan_register_do', null, 'CHE-123.456.789 MWST', 'www.kbag.ch', 9, 3, 1, 1, null, null, null),
(10, 1, NOW(), 1, NOW(), 'Eschenmattstrasse 11b', null, 'Möhlin', NOW(), null, null, null, null, 'Müller Isolertechnik & Deckenbau AG', '+41 61 851 55 80', null, '4313', null, 'https://scan_register_do', null, 'CHE-123.456.789 MWST', 'www.mueller-isoliertechnik.ch', 10, 3, 1, 1, null, null, null),
(11, 1, NOW(), 1, NOW(), 'Brislachstrasse 25', null, 'Breitenbach', NOW(), null, null, null, null, 'O. Jeker AG', '+41 61 783 95 70', null, '4226', null, 'https://scan_register_do', null, 'CHE-123.456.789 MWST', 'www.jeker-haustechnik.ch', 11, 3, 1, 1, null, null, null),
(12, 1, NOW(), 1, NOW(), 'Im Wannenboden 2', null, 'Pratteln', NOW(), null, null, null, null, 'Paul Pfirter & Co. AG', '+41 61 826 21 21', null, '4133', null, 'https://scan_register_do', null, 'CHE-123.456.789 MWST', 'www.pppmater.ch', 12, 3, 1, 1, null, null, null),
(13, 1, NOW(), 1, NOW(), 'Magdenerstrasse 2', null, 'Rheinfelden', NOW(), null, null, null, null, 'R. Häsler AG', '+41 61 836 20 13', null, '4310', null, 'https://scan_register_do', null, 'CHE-123.456.789 MWST', 'www.haesler-ag.ch', 13, 3, 1, 1, null, null, null),
(14, 1, NOW(), 1, NOW(), 'Oberwilerstrasse 73', null, 'Therwil', NOW(), null, null, null, null, 'Ringo-Türen AG', '+41 61 751 80 00', null, '4106', null, 'https://scan_register_do', null, 'CHE-123.456.789 MWST', 'www.ringo-tueren.ch', 14, 3, 1, 1, null, null, null),
(15, 1, NOW(), 1, NOW(), 'Hammerstrasse 121', null, 'Basel', NOW(), null, null, null, null, 'K. Schweizer AG', '+41 61 699 37 37', null, '4005', null, 'https://scan_register_do', null, 'CHE-123.456.789 MWST', 'www.ksag.ch', 15, 3, 1, 1, null, null, null),
(16, 1, NOW(), 1, NOW(), 'Münchensteinerstr. 127', null, 'Basel', NOW(), null, null, null, null, 'Sanitas Troesch AG', '+41 61 337 35 48', null, '4002', null, 'https://scan_register_do', null, 'CHE-123.456.789 MWST', 'www.sanitastroesch.ch', 16, 3, 1, 1, null, null, null),
(17, 1, NOW(), 1, NOW(), 'Violenried', null, 'Kaiseraugst', NOW(), null, null, null, null, 'Ernst Frey AG', '+41 61 816 88 02', null, '4303', null, 'https://scan_register_do', null, 'CHE-123.456.789 MWST', 'www.ernstfreyag.ch', 17, 3, 1, 1, null, null, null),
(18, 1, NOW(), 1, NOW(), 'Grossacherstrasse 6', null, 'Kleindöttingen', NOW(), null, null, null, null, 'Vögeli Holzbau AG', '+41 56 268 00 43', null, '5314', null, 'https://scan_register_do', null, 'CHE-123.456.789 MWST', 'www.voegeli-holzbau.ch', 18, 3, 1,  1, null, null, null),
(19, 1, NOW(), 1, NOW(), 'Rheinstrasse 89A', null, 'Liestal', NOW(), null, null, null, null, 'Husi Sohn GmbH', '+41 61 901 92 30', null, '4410', null, 'https://scan_register_do', null, 'CHE-123.456.789 MWST', 'www.husi-sohn.ch', 19, 3, 1,  2, null, null, null),
(20, 1, NOW(), 1, NOW(), 'Oristalstrasse 85', null, 'Liestal', NOW(), null, null, null, null, 'André Schreiber AG', '+41 61 911 91 76', null, '4410', null, 'https://scan_register_do', null, 'CHE-123.456.789 MWST', 'www.andre-schreiber-ag.ch', 20, 3, 1,  1, null, null, null),
(21, 1, NOW(), 1, NOW(), 'Hauptstrasse 11', null, 'Holziken', NOW(), null, null, null, null, 'R. Mülller GmbH', '+41 62 721 33 10', null, '5043', null, 'https://scan_register_do', null, 'CHE-123.456.789 MWST', 'www.hsrm.ch', 21, 3, 1,  2, null, null, null),
(22, 1, NOW(), 1, NOW(), 'Kollmattweg 7', null, 'Sissach', NOW(), null, null, null, null, 'John Haustechnik AG', '+41 61 971 13 29', null, '4450', null, 'https://scan_register_do', null, 'CHE-123.456.789 MWST', 'www.john-haustechnik.ch', 22, 3, 1,  1, null, null, null),
(23, 1, NOW(), 1, NOW(), 'Gewerbestrasse 9', null, 'Sissach', NOW(), null, null, null, null, 'Verna AG', '+41 61 975 90 10', null, '4450', null, 'https://scan_register_do', null, 'CHE-123.456.789 MWST', 'www.verna.ch', 23, 3, 1,  1, null, null, null),
(24, 1, NOW(), 1, NOW(), 'Im Schachen 416', null, 'Holderbank', NOW(), null, null, null, null, 'FIXIT AG', '+41 62 887 51 51', null, '5113', null, 'https://scan_register_do', null, 'CHE-123.456.789 MWST', 'www.fixit.ch', 24, 3, 1, 1, null, null, null),
(25, 1, NOW(), 1, NOW(), 'Grüngenstrasse 19', null, 'Bubendorf', NOW(), null, null, null, null, 'Regenass AG', '+41 61 951 12 14', null, '4416', null, 'https://scan_register_do', null, 'CHE-123.456.789 MWST', 'www.regenass-gipser.ch', 25, 3, 1, 1, null, null, null),
(26, 1, NOW(), 1, NOW(), 'Hauptstrasse 134', null, 'Sissach', NOW(), null, null, null, null, 'Linsalata Gebäudetechnik AG', '+41 61 921 66 01', null, '4450', null, 'https://scan_register_do', null, 'CHE-123.456.789 MWST', 'www.linsalata.ch', 26, 3, 1, 1, null, null, null),
(27, 1, NOW(), 1, NOW(), 'Neuhausstrasse 21', null, 'Basel', NOW(), null, null, null, null, 'FGB Baumanagement GmbH', '+41 61 755 30 30', null, '4057', null, 'https://scan_register_do', null, 'CHE-123.456.789 MWST', 'www.fgb-bau.ch', 27, 3, 1, 2, null, null, null),
(28, 1, NOW(), 1, NOW(), 'Mattweg 36', null, 'Zetzwil', NOW(), null, null, null, null, 'Pamo Gerüste AG', '+41 61 773 26 26', null, '5732', null, 'https://scan_register_do', null, 'CHE-123.456.789 MWST', 'www.pamo.ch', 28, 3, 1, 1, null, null, null),
(29, 1, NOW(), 1, NOW(), 'Postfach', null, 'Dornach 2', NOW(), null, null, null, null, 'D. Sutter Gerüstbau', '+41 61 702 03 03', null, '4143', null, 'https://scan_register_do', null, 'CHE-123.456.789 MWST', 'www.suttergeruest.ch', 29, 3, 1, 2, null, null, null),
(30, 1, NOW(), 1, NOW(), 'Fabrikmattweg 13', null, 'Arlesheim', NOW(), null, null, null, null, 'Reinhard Ott AG', '+41 61 702 03 03', null, '4144', null, 'https://scan_register_do', null, 'CHE-123.456.789 MWST', 'www.ottag.ch', 30, 3, 1, 1, null, null, null);

DELETE FROM bank_account;
INSERT INTO bank_account (id, created_by, created, last_modified_by, last_modified, disabled, company_id, bank_name, iban, bic, beneficiary_name, currency_id) VALUES
(1, 1, NOW(), 1, NOW(), null, 1, null, 'CH6389144233589929343', null, 'Siryus Test Investor Ltd.', 'CHF'),
(2, 1, NOW(), 1, NOW(), null, 2, null, 'CH9482061758532374030', null, 'Albin Borer AG', 'CHF'),
(3, 1, NOW(), 1, NOW(), null, 3, null, 'CH5744865883680146376', null, 'Arnold Rodoni AG', 'CHF'),
(4, 1, NOW(), 1, NOW(), null, 4, null, 'CH7609737708051995331', null, 'Dilag Jakob Gutknecht AG', 'CHF'),
(5, 1, NOW(), 1, NOW(), null, 5, null, 'CH8289588888641135451', null, 'Some Customer Company', 'CHF'),
(6, 1, NOW(), 1, NOW(), null, 6, null, 'CH7064060314706284258', null, 'Gebr. Stöcklin & Co. AG', 'CHF'),
(7, 1, NOW(), 1, NOW(), null, 7, null, 'CH7779398018965926318', null, 'HTP-Gutzwiller', 'CHF'),
(8, 1, NOW(), 1, NOW(), null, 8, null, 'CH2626351938453777454', null, 'Hürzeler Holzbau AG', 'CHF'),
(9, 1, NOW(), 1, NOW(), null, 9, null, 'CH7015910857542712795', null, 'Knecht Bauunternehmung AG', 'CHF'),
(10, 1, NOW(), 1, NOW(), null, 10, null, 'CH5954725509677265500', null, 'Müller Isolertechnik & Deckenbau AG', 'CHF'),
(11, 1, NOW(), 1, NOW(), null, 11, null, 'CH4032825935118606597', null, 'O. Jeker AG', 'CHF'),
(12, 1, NOW(), 1, NOW(), null, 12, null, 'CH9404148560197058682', null, 'Paul Pfirter & Co. AG', 'CHF'),
(13, 1, NOW(), 1, NOW(), null, 13, null, 'CH3111340638101996852', null, 'R. Häsler AG', 'CHF'),
(14, 1, NOW(), 1, NOW(), null, 14, null, 'CH5950473568130011101', null, 'Ringo-Türen AG', 'CHF'),
(15, 1, NOW(), 1, NOW(), null, 15, null, 'CH4439916317923818702', null, 'K. Schweizer AG', 'CHF'),
(16, 1, NOW(), 1, NOW(), null, 16, null, 'CH7165323991704027115', null, 'Sanitas Troesch AG', 'CHF'),
(17, 1, NOW(), 1, NOW(), null, 17, null, 'CH2350249125863473829', null, 'Ernst Frey AG', 'CHF'),
(18, 1, NOW(), 1, NOW(), null, 18, null, 'CH2645243961357313941', null, 'Vögeli Holzbau AG', 'CHF'),
(19, 1, NOW(), 1, NOW(), null, 19, null, 'CH6434153302511761942', null, 'Husi Sohn GmbH', 'CHF'),
(20, 1, NOW(), 1, NOW(), null, 20, null, 'CH8236123898695267540', null, 'André Schreiber AG', 'CHF'),
(21, 1, NOW(), 1, NOW(), null, 21, null, 'CH0362389062793123421', null, 'R. Mülller GmbH', 'CHF'),
(22, 1, NOW(), 1, NOW(), null, 22, null, 'CH9275041939081039285', null, 'John Haustechnik AG', 'CHF'),
(23, 1, NOW(), 1, NOW(), null, 23, null, 'CH2572578426052931482', null, 'Verna AG', 'CHF'),
(24, 1, NOW(), 1, NOW(), null, 24, null, 'CH2406423393487869905', null, 'FIXIT AG', 'CHF'),
(25, 1, NOW(), 1, NOW(), null, 25, null, 'CH0590807636067005184', null, 'Regenass AG', 'CHF'),
(26, 1, NOW(), 1, NOW(), null, 26, null, 'CH2414602887361842254', null, 'Linsalata Gebäudetechnik AG', 'CHF'),
(27, 1, NOW(), 1, NOW(), null, 27, null, 'CH6392060507573318856', null, 'FGB Baumanagement GmbH', 'CHF'),
(28, 1, NOW(), 1, NOW(), null, 28, null, 'CH0629677798900255878', null, 'Pamo Gerüste AG', 'CHF'),
(29, 1, NOW(), 1, NOW(), null, 29, null, 'CH5567720440305922677', null, 'D. Sutter Gerüstbau', 'CHF'),
(30, 1, NOW(), 1, NOW(), null, 30, null, 'CH7007513322107817454', null, 'Reinhard Ott AG', 'CHF'),
(31, 1, NOW(), 1, NOW(), null, 1, null, 'DE69198202321948999731', null, 'Siryus Test Investor Ltd.', 'EUR');

DELETE FROM company_trade;
INSERT INTO company_trade (id, trade, company) VALUES
(1, 102, 1),
(2, 112, 7),
(3, 113, 7),
(4, 114, 7),
(5, 122, 6),
(6, 123, 20),
(7, 125, 2),
(8, 125, 9),
(9, 125, 17),
(10, 129, 4),
(11, 131, 8),
(12, 131, 18),
(13, 137, 14),
(14, 147, 10),
(15, 152, 5),
(16, 152, 15),
(17, 156, 11),
(18, 156, 13),
(19, 157, 13),
(20, 158, 11),
(21, 158, 16),
(22, 162, 3),
(23, 162, 19),
(24, 162, 20),
(25, 163, 8),
(26, 163, 18),
(27, 164, 16),
(28, 169, 10),
(29, 173, 12),
(30, 173, 19);

-- > 0 = to prevent deletion of master user company role with id 0
DELETE FROM company_user_role where id > 0;
INSERT INTO company_user_role (id, confirmed, confirmed_by, user_id, company, role) VALUES
-- company owners
(1, null, null, 1, 1, 101),
(2, null, null, 2, 2, 101),
(3, null, null, 3, 3, 101),
(4, null, null, 4, 4, 101),
(5, null, null, 5, 5, 104),
(6, null, null, 6, 6, 101),
(7, null, null, 7, 7, 101),
(8, null, null, 8, 8, 101),
(9, null, null, 9, 9, 101),
(10, null, null, 10, 10, 101),
(11, null, null, 11, 11, 101),
(12, null, null, 12, 12, 101),
(13, null, null, 13, 13, 101),
(14, null, null, 14, 14, 101),
(15, null, null, 15, 15, 101),
(16, null, null, 16, 16, 101),
(17, null, null, 17, 17, 101),
(18, null, null, 18, 18, 101),
(19, null, null, 19, 19, 101),
(20, null, null, 20, 20, 101),
(21, null, null, 21, 21, 101),
(22, null, null, 22, 22, 101),
(23, null, null, 23, 23, 101),
(24, null, null, 24, 24, 101),
(25, null, null, 25, 25, 101),
(26, null, null, 26, 26, 101),
(27, null, null, 27, 27, 101),
(28, null, null, 28, 28, 101),
(29, null, null, 29, 29, 101),
(30, null, null, 30, 30, 101),
-- siryus employees
(31, null, null, 31, 1, 102),
(32, null, null, 32, 1, 102),
(33, null, null, 33, 1, 103),
(34, null, null, 34, 1, 103),
(35, null, null, 35, 1, 103),
(36, null, null, 36, 1, 103),
(37, null, null, 37, 1, 103),
(38, null, null, 38, 1, 103),
(39, null, null, 39, 1, 103),
(40, null, null, 40, 1, 103),
-- albin borer employees
(41, null, null, 41, 2, 102),
(42, null, null, 42, 2, 103),
-- rodoni employees
(43, null, null, 43, 3, 102),
(44, null, null, 44, 3, 103),
-- jakob gutknecht employees
(45, null, null, 45, 4, 102),
(46, null, null, 46, 4, 103),
-- spenglerhaus employees
(47, null, null, 47, 4, 102),
(48, null, null, 48, 4, 103);

